AAAA;NOM_USUEL;TMM;TXAB;TXMIN;NBJTX25;RR;RRAB;TMM_ma5;ville
1945;BREST-GUIPAVAS;;28.7;1.0;6.0;1009.4;31.6;;brest
1946;BREST-GUIPAVAS;;26.4;-1.0;3.0;1192.6;54.6;;brest
1947;BREST-GUIPAVAS;;29.8;-2.2;15.0;1094.0;47.1;;brest
1948;BREST-GUIPAVAS;;32.2;-2.4;5.0;1130.6;41.0;;brest
1949;BREST-GUIPAVAS;11.8;35.2;5.0;23.0;939.4;47.8;;brest
1950;BREST-GUIPAVAS;10.8;28.8;1.8;2.0;1363.3;42.7;;brest
1951;BREST-GUIPAVAS;10.6;27.6;4.8;3.0;1471.0;39.3;;brest
1952;BREST-GUIPAVAS;10.6;28.4;2.0;7.0;1199.0;38.4;;brest
1953;BREST-GUIPAVAS;10.7;29.0;0.8;2.0;712.1;29.7;10.9;brest
1954;BREST-GUIPAVAS;10.5;26.3;-0.5;1.0;1113.7;31.4;10.6;brest
1955;BREST-GUIPAVAS;10.8;33.7;0.7;14.0;1061.0;38.5;10.6;brest
1956;BREST-GUIPAVAS;9.9;25.7;-2.6;1.0;1099.7;38.4;10.5;brest
1957;BREST-GUIPAVAS;11.1;30.7;4.1;10.0;1122.8;38.5;10.6;brest
1958;BREST-GUIPAVAS;10.7;24.8;1.3;0.0;1268.0;28.8;10.6;brest
1959;BREST-GUIPAVAS;11.6;31.2;2.7;19.0;1380.2;56.7;10.8;brest
1960;BREST-GUIPAVAS;10.9;27.5;2.5;4.0;1593.6;47.8;10.8;brest
1961;BREST-GUIPAVAS;11.2;32.6;1.7;9.0;1209.6;33.3;11.1;brest
1962;BREST-GUIPAVAS;7.6;26.9;0.1;2.0;1174.1;56.4;10.4;brest
1963;BREST-GUIPAVAS;6.0;27.0;-2.4;2.0;1101.0;37.4;9.5;brest
1964;BREST-GUIPAVAS;5.6;27.1;1.9;5.0;860.4;35.7;8.3;brest
1965;BREST-GUIPAVAS;11.0;26.7;2.1;1.0;1281.8;54.8;8.3;brest
1966;BREST-GUIPAVAS;10.0;24.2;-3.0;0.0;1297.2;36.6;8.0;brest
1967;BREST-GUIPAVAS;9.7;26.0;0.4;2.0;1140.2;42.9;8.5;brest
1968;BREST-GUIPAVAS;10.0;28.3;3.0;4.0;1031.8;25.1;9.3;brest
1969;BREST-GUIPAVAS;5.4;29.1;1.7;5.0;1029.7;37.3;9.2;brest
1970;BREST-GUIPAVAS;10.9;27.5;1.2;10.0;983.6;31.2;9.2;brest
1971;BREST-GUIPAVAS;9.5;30.2;2.1;13.0;913.9;32.4;9.1;brest
1972;BREST-GUIPAVAS;9.6;25.2;1.9;2.0;1208.7;33.2;9.1;brest
1973;BREST-GUIPAVAS;;30.7;2.2;13.0;782.0;30.3;;brest
1974;BREST-GUIPAVAS;11.2;28.3;3.8;2.0;1269.1;40.9;;brest
1975;BREST-GUIPAVAS;17.0;32.7;1.7;13.0;886.4;29.4;;brest
1976;BREST-GUIPAVAS;8.6;33.3;1.9;23.0;840.0;30.5;;brest
1977;BREST-GUIPAVAS;10.8;26.7;3.2;4.0;1180.9;51.5;;brest
1978;BREST-GUIPAVAS;10.4;27.7;0.3;2.0;1062.7;35.4;11.6;brest
1979;BREST-GUIPAVAS;6.7;28.2;0.1;4.0;1233.3;41.0;10.7;brest
1980;BREST-GUIPAVAS;10.5;27.8;-0.6;2.0;1137.4;43.6;9.4;brest
1981;BREST-GUIPAVAS;11.0;27.6;3.8;10.0;1222.1;28.6;9.9;brest
1982;BREST-GUIPAVAS;11.2;29.3;1.9;6.0;1462.7;37.8;10.0;brest
1983;BREST-GUIPAVAS;11.3;32.2;1.0;14.0;994.5;27.1;10.1;brest
1984;BREST-GUIPAVAS;11.0;30.2;3.0;15.0;1224.1;33.2;11.0;brest
1985;BREST-GUIPAVAS;10.6;27.9;-0.3;12.0;1096.8;35.5;11.0;brest
1986;BREST-GUIPAVAS;9.9;30.5;-1.1;4.0;1383.3;31.5;10.8;brest
1987;BREST-GUIPAVAS;10.4;26.8;-5.1;6.0;1061.3;49.7;10.6;brest
1988;BREST-GUIPAVAS;11.3;28.5;4.8;3.0;1238.9;38.6;10.6;brest
1989;BREST-GUIPAVAS;12.2;31.7;4.2;27.0;906.5;38.4;10.9;brest
1990;BREST-GUIPAVAS;12.1;34.8;1.8;27.0;1099.8;37.8;11.2;brest
1991;BREST-GUIPAVAS;10.5;28.8;-2.9;9.0;1045.6;47.8;11.3;brest
1992;BREST-GUIPAVAS;11.0;28.3;1.9;9.0;1029.7;33.4;11.4;brest
1993;BREST-GUIPAVAS;10.8;27.9;2.8;5.0;1046.1;37.6;11.3;brest
1994;BREST-GUIPAVAS;11.7;29.3;0.8;6.0;1275.2;39.4;11.2;brest
1995;BREST-GUIPAVAS;11.9;30.7;2.4;25.0;1310.4;39.2;11.2;brest
1996;BREST-GUIPAVAS;10.8;28.4;-0.1;16.0;971.2;45.8;11.2;brest
1997;BREST-GUIPAVAS;11.6;27.0;-1.9;12.0;1052.0;50.6;11.4;brest
1998;BREST-GUIPAVAS;11.8;30.4;1.4;3.0;1367.1;51.6;11.6;brest
1999;BREST-GUIPAVAS;11.9;28.0;4.9;12.0;1528.8;44.6;11.6;brest
2000;BREST-GUIPAVAS;11.4;29.9;4.5;8.0;1532.8;49.0;11.5;brest
2001;BREST-GUIPAVAS;11.3;29.9;3.2;12.0;1302.0;37.8;11.6;brest
2002;BREST-GUIPAVAS;11.7;28.6;3.5;3.0;1346.0;61.2;11.6;brest
2003;BREST-GUIPAVAS;11.1;35.1;0.0;29.0;988.4;42.4;11.5;brest
2004;BREST-GUIPAVAS;11.4;31.4;2.7;7.0;1124.2;72.0;11.4;brest
2005;BREST-GUIPAVAS;12.2;30.7;2.8;10.0;1047.2;48.2;11.5;brest
2006;BREST-GUIPAVAS;11.8;33.7;3.1;17.0;1285.4;54.2;11.6;brest
2007;BREST-GUIPAVAS;11.7;25.2;3.8;2.0;1346.6;41.4;11.6;brest
2008;BREST-GUIPAVAS;11.2;27.9;3.3;2.0;1336.8;46.2;11.7;brest
2009;BREST-GUIPAVAS;11.3;27.6;1.6;6.0;1366.2;43.2;11.6;brest
2010;BREST-GUIPAVAS;10.5;27.1;1.6;6.0;1309.8;45.8;11.3;brest
2011;BREST-GUIPAVAS;12.0;29.9;2.8;12.0;1006.4;82.6;11.3;brest
2012;BREST-GUIPAVAS;11.3;29.6;2.9;11.0;1381.8;74.3;11.3;brest
2013;BREST-GUIPAVAS;11.2;29.4;3.0;13.0;1251.5;49.4;11.3;brest
2014;BREST-GUIPAVAS;12.2;28.3;7.4;17.0;1376.4;43.7;11.4;brest
2015;BREST-GUIPAVAS;11.9;32.7;3.8;7.0;1212.0;31.8;11.7;brest
2016;BREST-GUIPAVAS;11.6;32.4;6.4;11.0;1130.3;43.0;11.6;brest
2017;BREST-GUIPAVAS;11.7;32.6;3.9;14.0;1004.6;38.4;11.7;brest
2018;BREST-GUIPAVAS;11.8;30.3;-0.1;23.0;1165.9;35.9;11.8;brest
2019;BREST-GUIPAVAS;11.8;34.3;5.3;12.0;1387.8;30.3;11.8;brest
2020;BREST-GUIPAVAS;12.2;32.2;6.4;18.0;1361.6;29.8;11.8;brest
2021;BREST-GUIPAVAS;11.6;31.2;0.7;12.0;1043.1;30.6;11.8;brest
2022;BREST-GUIPAVAS;12.5;39.3;2.8;33.0;1066.4;51.4;12.0;brest
2023;BREST-GUIPAVAS;12.5;30.6;5.4;17.0;1332.5;31.3;12.1;brest
2024;BREST-GUIPAVAS;12.0;31.6;1.6;8.0;1437.2;50.5;12.2;brest
2025;BREST-GUIPAVAS;12.3;31.2;3.5;22.0;1253.5;39.7;12.2;brest
1872;PARIS-MONTSOURIS;;34.4;3.1;35.0;0.0;;;paris
1873;PARIS-MONTSOURIS;;37.2;-1.0;45.0;607.2;28.0;;paris
1874;PARIS-MONTSOURIS;;38.4;-5.6;62.0;472.8;22.3;;paris
1875;PARIS-MONTSOURIS;;35.8;-4.4;47.0;562.7;31.3;;paris
1876;PARIS-MONTSOURIS;;36.2;-5.9;59.0;515.9;28.3;;paris
1877;PARIS-MONTSOURIS;;33.6;-1.7;43.0;588.4;19.5;;paris
1878;PARIS-MONTSOURIS;;30.0;-3.3;32.0;675.5;24.4;;paris
1879;PARIS-MONTSOURIS;;32.2;-9.9;17.0;533.7;20.7;;paris
1880;PARIS-MONTSOURIS;;31.8;-5.9;46.0;488.4;27.3;;paris
1881;PARIS-MONTSOURIS;;37.2;-8.0;26.0;521.7;28.6;;paris
1882;PARIS-MONTSOURIS;;31.5;-1.9;20.0;583.8;27.3;;paris
1883;PARIS-MONTSOURIS;;30.3;-0.7;34.0;509.4;14.5;;paris
1884;PARIS-MONTSOURIS;;34.1;-0.2;54.0;418.2;15.3;;paris
1885;PARIS-MONTSOURIS;;32.0;-0.9;38.0;577.6;49.0;;paris
1886;PARIS-MONTSOURIS;;32.8;-1.3;41.0;728.0;45.9;;paris
1887;PARIS-MONTSOURIS;;31.6;-4.4;40.0;479.09999999999997;30.0;;paris
1888;PARIS-MONTSOURIS;;33.1;-4.0;23.0;548.6;18.4;;paris
1889;PARIS-MONTSOURIS;;29.2;-0.9;39.0;544.5;42.3;;paris
1890;PARIS-MONTSOURIS;;31.9;-6.0;20.0;594.4;21.9;;paris
1891;PARIS-MONTSOURIS;;29.6;-6.4;22.0;551.3;21.1;;paris
1892;PARIS-MONTSOURIS;;35.5;-4.5;48.0;613.0;53.9;;paris
1893;PARIS-MONTSOURIS;;35.5;-7.1;52.0;519.6;28.1;;paris
1894;PARIS-MONTSOURIS;;32.1;-8.1;27.0;485.7;24.3;;paris
1895;PARIS-MONTSOURIS;;36.2;-6.7;64.0;469.4;22.4;;paris
1896;PARIS-MONTSOURIS;;33.4;-0.9;37.0;646.2;29.4;;paris
1897;PARIS-MONTSOURIS;;33.5;-2.7;42.0;580.4;21.4;;paris
1898;PARIS-MONTSOURIS;;35.2;0.4;48.0;540.5;27.1;;paris
1899;PARIS-MONTSOURIS;;35.9;-4.4;58.0;533.7;28.0;;paris
1900;PARIS-MONTSOURIS;11.3;38.6;-1.5;52.0;507.70000000000005;28.8;;paris
1901;PARIS-MONTSOURIS;10.2;33.9;-6.3;57.0;554.1;53.0;;paris
1902;PARIS-MONTSOURIS;10.1;33.9;-4.2;35.0;578.7;22.6;;paris
1903;PARIS-MONTSOURIS;10.5;33.5;-3.7;28.0;626.1;45.5;;paris
1904;PARIS-MONTSOURIS;10.7;37.1;-0.9;52.0;602.0;44.4;10.6;paris
1905;PARIS-MONTSOURIS;10.2;33.8;-5.0;43.0;731.1;37.9;10.3;paris
1906;PARIS-MONTSOURIS;10.8;34.9;-2.6;51.0;695.8;33.5;10.5;paris
1907;PARIS-MONTSOURIS;10.4;34.4;-7.4;36.0;546.4;64.3;10.5;paris
1908;PARIS-MONTSOURIS;10.1;32.5;-4.9;44.0;574.0;22.1;10.4;paris
1909;PARIS-MONTSOURIS;9.8;32.5;-1.5;24.0;676.0;28.8;10.3;paris
1910;PARIS-MONTSOURIS;10.5;29.7;-2.3;25.0;807.5;25.8;10.3;paris
1911;PARIS-MONTSOURIS;11.6;37.7;-0.4;80.0;505.8;16.9;10.5;paris
1912;PARIS-MONTSOURIS;10.7;34.4;-0.4;25.0;639.5;25.6;10.5;paris
1913;PARIS-MONTSOURIS;11.0;31.2;-2.0;28.0;650.7;30.8;10.7;paris
1914;PARIS-MONTSOURIS;10.8;33.7;-3.8;42.0;618.0;23.0;10.9;paris
1915;PARIS-MONTSOURIS;10.6;33.0;-1.2;42.0;701.4;31.1;10.9;paris
1916;PARIS-MONTSOURIS;10.7;31.8;-0.5;32.0;686.6;25.9;10.8;paris
1917;PARIS-MONTSOURIS;9.6;34.4;-5.0;48.0;618.8;26.9;10.5;paris
1918;PARIS-MONTSOURIS;10.8;36.4;-3.4;48.0;612.0;32.2;10.5;paris
1919;PARIS-MONTSOURIS;10.0;35.2;-3.4;49.0;715.0;20.5;10.3;paris
1920;PARIS-MONTSOURIS;10.8;31.8;-4.9;30.0;539.4;74.1;10.4;paris
1921;PARIS-MONTSOURIS;11.8;37.1;-4.0;63.0;274.4;16.4;10.6;paris
1922;PARIS-MONTSOURIS;10.2;34.8;-1.1;26.0;748.6;33.3;10.7;paris
1923;PARIS-MONTSOURIS;10.9;36.1;-1.2;41.0;702.5;25.1;10.7;paris
1924;PARIS-MONTSOURIS;10.4;32.9;-1.8;29.0;637.5;29.7;10.8;paris
1925;PARIS-MONTSOURIS;10.4;31.6;-4.4;36.0;735.5;29.8;10.7;paris
1926;PARIS-MONTSOURIS;11.2;32.0;-5.4;39.0;617.4;23.8;10.6;paris
1927;PARIS-MONTSOURIS;10.6;30.2;-4.8;23.0;759.3;34.8;10.7;paris
1928;PARIS-MONTSOURIS;11.5;36.3;0.4;51.0;711.8000000000001;30.8;10.8;paris
1929;PARIS-MONTSOURIS;10.7;34.8;-7.8;56.0;473.79999999999995;33.7;10.9;paris
1930;PARIS-MONTSOURIS;11.3;34.2;-0.9;32.0;751.0;28.9;11.1;paris
1931;PARIS-MONTSOURIS;10.5;32.0;-0.8;29.0;797.7;38.5;10.9;paris
1932;PARIS-MONTSOURIS;10.9;35.7;-2.1;53.0;497.1;19.0;11.0;paris
1933;PARIS-MONTSOURIS;11.0;36.2;-4.5;56.0;468.1;21.5;10.9;paris
1934;PARIS-MONTSOURIS;11.7;33.6;-0.7;61.0;576.4;24.5;11.1;paris
1935;PARIS-MONTSOURIS;11.1;33.1;-2.6;44.0;640.3;38.0;11.0;paris
1936;PARIS-MONTSOURIS;11.1;32.4;-1.0;32.0;712.9;47.8;11.2;paris
1937;PARIS-MONTSOURIS;;34.4;-0.6;51.0;761.0;26.6;;paris
1938;PARIS-MONTSOURIS;;33.5;-10.5;43.0;501.79999999999995;36.7;;paris
1939;PARIS-MONTSOURIS;;32.9;-1.4;37.0;756.2;38.7;;paris
1940;PARIS-MONTSOURIS;;32.1;-5.8;41.0;618.3;49.7;;paris
1941;PARIS-MONTSOURIS;;35.3;-5.0;42.0;730.3;36.9;;paris
1942;PARIS-MONTSOURIS;;32.5;-6.2;48.0;828.9;48.1;;paris
1943;PARIS-MONTSOURIS;;36.6;-1.0;49.0;539.0;35.3;;paris
1944;PARIS-MONTSOURIS;;34.8;-0.5;51.0;682.7;42.9;;paris
1945;PARIS-MONTSOURIS;;36.8;-4.7;66.0;456.3;28.1;;paris
1946;PARIS-MONTSOURIS;;36.9;-5.5;34.0;615.6;23.6;;paris
1947;PARIS-MONTSOURIS;;40.4;-6.3;87.0;610.3;39.0;;paris
1948;PARIS-MONTSOURIS;;33.7;-4.8;28.0;634.9;28.7;;paris
1949;PARIS-MONTSOURIS;;33.6;-0.9;61.0;397.3;35.1;;paris
1950;PARIS-MONTSOURIS;11.4;33.6;-4.3;43.0;690.1;40.4;;paris
1951;PARIS-MONTSOURIS;11.1;30.4;1.2;26.0;780.8;55.5;;paris
1952;PARIS-MONTSOURIS;11.1;38.0;-0.6;46.0;716.4;27.1;;paris
1953;PARIS-MONTSOURIS;11.3;34.6;-3.3;43.0;421.1;31.8;;paris
1954;PARIS-MONTSOURIS;10.8;34.3;-7.5;28.0;480.3;16.1;11.1;paris
1955;PARIS-MONTSOURIS;11.0;33.0;-0.1;38.0;679.6999999999999;76.8;11.1;paris
1956;PARIS-MONTSOURIS;10.1;31.1;-8.3;22.0;545.3;27.4;10.9;paris
1957;PARIS-MONTSOURIS;11.5;36.0;-1.0;30.0;547.9;30.1;10.9;paris
1958;PARIS-MONTSOURIS;11.1;31.1;-0.4;32.0;783.2;26.7;10.9;paris
1959;PARIS-MONTSOURIS;12.3;36.4;1.1;76.0;452.9;25.0;11.2;paris
1960;PARIS-MONTSOURIS;11.4;30.5;-4.3;21.0;738.7;57.5;11.3;paris
1961;PARIS-MONTSOURIS;12.2;34.4;-2.7;41.0;538.1;20.3;11.7;paris
1962;PARIS-MONTSOURIS;4.7;32.1;-5.7;27.0;526.1;18.6;10.3;paris
1963;PARIS-MONTSOURIS;4.3;31.0;-4.6;26.0;559.1;30.1;9.0;paris
1964;PARIS-MONTSOURIS;;35.2;-4.0;46.0;523.5;29.9;;paris
1965;PARIS-MONTSOURIS;8.2;30.5;0.2;25.0;879.8;38.7;;paris
1966;PARIS-MONTSOURIS;;32.7;-6.7;30.0;835.4;55.2;;paris
1967;PARIS-MONTSOURIS;8.7;33.0;-2.6;41.0;591.0;30.3;;paris
1968;PARIS-MONTSOURIS;;34.0;-5.1;19.0;632.7;22.5;;paris
1969;PARIS-MONTSOURIS;9.0;32.8;-2.8;49.0;616.2;31.4;;paris
1970;PARIS-MONTSOURIS;6.6;31.2;-2.5;41.0;630.6;24.5;;paris
1971;PARIS-MONTSOURIS;11.9;31.6;-5.0;40.0;508.4;19.3;;paris
1972;PARIS-MONTSOURIS;;30.1;-4.1;15.0;740.0;65.8;;paris
1973;PARIS-MONTSOURIS;3.9;32.7;-1.8;50.0;576.4;53.0;;paris
1974;PARIS-MONTSOURIS;;34.0;1.6;27.0;667.8;27.8;;paris
1975;PARIS-MONTSOURIS;16.9;35.7;-1.2;35.0;657.8;33.3;;paris
1976;PARIS-MONTSOURIS;14.8;35.4;-2.1;65.0;416.70000000000005;24.1;;paris
1977;PARIS-MONTSOURIS;;29.0;0.4;19.0;716.5;42.2;;paris
1978;PARIS-MONTSOURIS;9.2;30.1;-1.4;19.0;742.6;35.8;;paris
1979;PARIS-MONTSOURIS;1.7;32.1;-4.4;26.0;729.0;38.5;;paris
1980;PARIS-MONTSOURIS;;31.3;-2.6;26.0;690.0;31.3;;paris
1981;PARIS-MONTSOURIS;11.5;31.9;1.0;27.0;745.9;38.7;;paris
1982;PARIS-MONTSOURIS;12.1;32.8;-2.0;49.0;700.6;30.1;;paris
1983;PARIS-MONTSOURIS;12.0;33.4;-1.0;64.0;622.6;29.0;;paris
1984;PARIS-MONTSOURIS;11.4;34.8;1.8;35.0;745.3;29.4;;paris
1985;PARIS-MONTSOURIS;10.8;32.0;-10.0;42.0;500.9;23.0;11.6;paris
1986;PARIS-MONTSOURIS;11.0;34.9;-3.6;41.0;611.5;19.7;11.5;paris
1987;PARIS-MONTSOURIS;10.9;33.0;-8.0;39.0;706.8;95.7;11.2;paris
1988;PARIS-MONTSOURIS;12.1;31.1;3.0;31.0;734.3000000000001;46.0;11.2;paris
1989;PARIS-MONTSOURIS;12.6;33.0;0.1;68.0;596.1;39.4;11.5;paris
1990;PARIS-MONTSOURIS;12.9;36.6;1.4;58.0;500.70000000000005;37.4;11.9;paris
1991;PARIS-MONTSOURIS;11.5;34.5;-6.2;49.0;471.5;25.8;12.0;paris
1992;PARIS-MONTSOURIS;12.1;35.9;-0.3;49.0;645.1;68.2;12.2;paris
1993;PARIS-MONTSOURIS;11.6;31.6;-2.6;38.0;655.8;38.8;12.1;paris
1994;PARIS-MONTSOURIS;12.8;35.3;-0.3;49.0;693.5;33.4;12.2;paris
1995;PARIS-MONTSOURIS;12.6;36.4;-0.9;57.0;670.1;82.0;12.1;paris
1996;PARIS-MONTSOURIS;11.2;34.1;-4.4;47.0;449.9;24.4;12.1;paris
1997;PARIS-MONTSOURIS;11.6;34.4;-7.0;64.0;666.5;50.6;12.0;paris
1998;PARIS-MONTSOURIS;12.4;37.3;-1.1;49.0;672.0;32.4;12.1;paris
1999;PARIS-MONTSOURIS;13.7;33.0;2.0;62.0;745.6;26.2;12.3;paris
2000;PARIS-MONTSOURIS;11.7;33.0;-0.1;51.0;900.8;47.0;12.1;paris
2001;PARIS-MONTSOURIS;12.3;35.2;0.1;53.0;836.1;104.2;12.3;paris
2002;PARIS-MONTSOURIS;12.5;34.8;-0.6;28.0;684.4;26.6;12.5;paris
2003;PARIS-MONTSOURIS;13.0;39.5;-5.0;82.0;457.1;26.4;12.6;paris
2004;PARIS-MONTSOURIS;11.8;33.5;-0.8;53.0;547.4;25.8;12.3;paris
2005;PARIS-MONTSOURIS;12.5;34.3;-0.2;52.0;448.0;21.6;12.4;paris
2006;PARIS-MONTSOURIS;12.7;37.4;-2.7;59.0;634.4;20.4;12.5;paris
2007;PARIS-MONTSOURIS;12.7;33.3;0.2;35.0;690.3;44.8;12.5;paris
2008;PARIS-MONTSOURIS;12.2;34.0;0.9;42.0;582.5;30.6;12.4;paris
2009;PARIS-MONTSOURIS;12.4;35.6;-3.9;52.0;558.9;24.8;12.5;paris
2010;PARIS-MONTSOURIS;11.5;35.1;-2.0;51.0;640.0;43.1;12.3;paris
2011;PARIS-MONTSOURIS;13.4;36.8;-0.3;59.0;525.6;24.7;12.4;paris
2012;PARIS-MONTSOURIS;12.4;38.4;-2.7;52.0;622.5;23.9;12.4;paris
2013;PARIS-MONTSOURIS;11.9;35.5;-1.6;55.0;616.3;27.4;12.3;paris
2014;PARIS-MONTSOURIS;13.3;35.8;0.5;46.0;716.2;29.1;12.5;paris
2015;PARIS-MONTSOURIS;13.2;39.7;1.8;59.0;506.5;31.1;12.8;paris
2016;PARIS-MONTSOURIS;12.5;36.6;-2.4;58.0;657.8;52.9;12.7;paris
2017;PARIS-MONTSOURIS;13.0;36.9;0.5;61.0;739.1;67.7;12.8;paris
2018;PARIS-MONTSOURIS;13.5;37.4;-1.5;98.0;688.2;78.2;13.1;paris
2019;PARIS-MONTSOURIS;13.4;42.6;1.9;70.0;666.6;43.8;13.1;paris
2020;PARIS-MONTSOURIS;14.0;39.3;4.0;82.0;643.9;35.6;13.3;paris
2021;PARIS-MONTSOURIS;12.5;33.3;-0.6;51.0;727.4;43.3;13.3;paris
2022;PARIS-MONTSOURIS;14.0;40.5;-0.4;88.0;543.4;47.0;13.5;paris
2023;PARIS-MONTSOURIS;13.9;35.5;2.0;86.0;739.0;48.1;13.6;paris
2024;PARIS-MONTSOURIS;13.2;37.1;-1.2;54.0;901.1;70.8;13.5;paris
2025;PARIS-MONTSOURIS;13.5;38.1;0.3;73.0;581.7;30.9;13.4;paris
1944;LILLE-LESQUIN;;11.4;0.1;0.0;0.0;;;lille
1945;LILLE-LESQUIN;;34.4;-7.0;36.0;604.4;46.8;;lille
1946;LILLE-LESQUIN;;31.6;-6.8;15.0;673.5;31.6;;lille
1947;LILLE-LESQUIN;;35.6;-5.2;72.0;462.1;28.2;;lille
1948;LILLE-LESQUIN;;33.5;-5.3;21.0;631.3;34.2;;lille
1949;LILLE-LESQUIN;10.4;34.2;0.2;44.0;450.8;23.8;;lille
1950;LILLE-LESQUIN;9.8;31.1;-8.4;23.0;737.1;20.3;;lille
1951;LILLE-LESQUIN;9.9;28.2;0.8;13.0;827.2;48.6;;lille
1952;LILLE-LESQUIN;9.5;35.7;-1.4;24.0;747.2;30.9;;lille
1953;LILLE-LESQUIN;9.9;33.0;-2.3;19.0;478.3;28.7;9.9;lille
1954;LILLE-LESQUIN;9.5;31.3;-7.1;15.0;595.3;25.9;9.7;lille
1955;LILLE-LESQUIN;9.3;32.7;-2.2;26.0;512.5;21.9;9.6;lille
1956;LILLE-LESQUIN;8.7;29.2;-10.2;13.0;549.2;20.8;9.4;lille
1957;LILLE-LESQUIN;10.2;35.3;-1.7;22.0;571.5;27.4;9.5;lille
1958;LILLE-LESQUIN;9.8;29.9;-0.8;15.0;622.2;38.3;9.5;lille
1959;LILLE-LESQUIN;10.6;36.1;-3.0;50.0;416.1;15.0;9.7;lille
1960;LILLE-LESQUIN;9.8;28.5;-4.8;10.0;667.4;27.9;9.8;lille
1961;LILLE-LESQUIN;10.2;32.6;-3.2;18.0;622.7;32.9;10.1;lille
1962;LILLE-LESQUIN;;28.7;-5.6;6.0;437.8;17.0;;lille
1963;LILLE-LESQUIN;;28.9;-9.0;10.0;562.2;17.1;;lille
1964;LILLE-LESQUIN;3.6;33.0;-4.0;24.0;698.5;41.4;;lille
1965;LILLE-LESQUIN;;25.9;-1.2;7.0;689.1;31.8;;lille
1966;LILLE-LESQUIN;;30.8;-7.4;15.0;799.6;32.9;;lille
1967;LILLE-LESQUIN;;32.0;-3.2;14.0;512.1;20.7;;lille
1968;LILLE-LESQUIN;6.2;32.6;-4.2;12.0;714.3000000000001;28.0;;lille
1969;LILLE-LESQUIN;;31.2;-3.0;24.0;591.3;42.0;;lille
1970;LILLE-LESQUIN;;29.7;-2.4;32.0;596.0;50.7;;lille
1971;LILLE-LESQUIN;;30.2;-4.0;18.0;544.6999999999999;24.5;;lille
1972;LILLE-LESQUIN;;29.5;-4.8;8.0;698.6;38.2;;lille
1973;LILLE-LESQUIN;;31.9;-1.3;36.0;534.2;17.9;;lille
1974;LILLE-LESQUIN;;30.7;0.8;9.0;898.5;27.7;;lille
1975;LILLE-LESQUIN;;35.0;-2.0;25.0;774.1999999999999;49.0;;lille
1976;LILLE-LESQUIN;;35.8;-4.9;52.0;480.70000000000005;19.3;;lille
1977;LILLE-LESQUIN;;30.2;-0.2;9.0;754.3000000000001;40.1;;lille
1978;LILLE-LESQUIN;3.2;29.6;-9.2;10.0;642.5;28.0;;lille
1979;LILLE-LESQUIN;;29.8;-6.8;14.0;784.0;20.0;;lille
1980;LILLE-LESQUIN;;30.8;-3.0;14.0;788.7;30.5;;lille
1981;LILLE-LESQUIN;9.8;30.2;-3.7;16.0;884.3;30.0;;lille
1982;LILLE-LESQUIN;10.3;32.5;-6.1;34.0;736.2;21.7;;lille
1983;LILLE-LESQUIN;10.4;31.8;-1.3;46.0;648.0;18.1;;lille
1984;LILLE-LESQUIN;10.0;34.8;-1.7;23.0;829.1;25.1;;lille
1985;LILLE-LESQUIN;9.2;31.0;-11.3;22.0;643.8;24.9;9.9;lille
1986;LILLE-LESQUIN;9.6;30.8;-5.8;28.0;779.7;30.1;9.9;lille
1987;LILLE-LESQUIN;9.5;32.1;-8.4;24.0;826.1999999999999;36.1;9.7;lille
1988;LILLE-LESQUIN;10.5;30.1;2.4;11.0;735.4;24.6;9.8;lille
1989;LILLE-LESQUIN;11.0;34.8;-3.2;44.0;669.4;26.8;10.0;lille
1990;LILLE-LESQUIN;11.2;36.0;-0.1;43.0;724.3;35.0;10.4;lille
1991;LILLE-LESQUIN;9.6;32.8;-6.1;23.0;794.5;37.8;10.4;lille
1992;LILLE-LESQUIN;10.6;31.4;-3.3;30.0;859.0;24.8;10.6;lille
1993;LILLE-LESQUIN;10.8;30.3;-3.0;24.0;796.5;29.2;10.6;lille
1994;LILLE-LESQUIN;10.8;34.5;-3.3;38.0;720.6;29.4;10.6;lille
1995;LILLE-LESQUIN;10.3;34.7;-2.8;50.0;562.4;24.8;10.4;lille
1996;LILLE-LESQUIN;9.0;32.6;-6.1;20.0;595.6;44.0;10.3;lille
1997;LILLE-LESQUIN;8.7;32.1;-8.9;34.0;573.6;26.6;9.9;lille
1998;LILLE-LESQUIN;4.5;35.0;-1.5;24.0;787.2;23.6;8.7;lille
1999;LILLE-LESQUIN;9.8;32.0;0.4;34.0;759.4;34.8;8.5;lille
2000;LILLE-LESQUIN;13.3;31.8;-0.5;22.0;866.5999999999999;38.4;9.1;lille
2001;LILLE-LESQUIN;10.8;34.4;-0.5;35.0;857.0;29.2;9.4;lille
2002;LILLE-LESQUIN;7.8;32.5;-2.3;17.0;813.8;46.6;9.2;lille
2003;LILLE-LESQUIN;9.0;36.6;-2.7;49.0;549.6;31.0;10.1;lille
2004;LILLE-LESQUIN;9.6;31.2;-1.1;31.0;653.6;23.0;10.1;lille
2005;LILLE-LESQUIN;11.1;32.9;-0.9;35.0;844.0;62.8;9.7;lille
2006;LILLE-LESQUIN;11.4;36.0;-2.4;44.0;825.2;42.8;9.8;lille
2007;LILLE-LESQUIN;11.5;31.5;0.2;17.0;716.2;24.0;10.5;lille
2008;LILLE-LESQUIN;10.9;32.4;-0.5;23.0;802.1999999999999;30.8;10.9;lille
2009;LILLE-LESQUIN;11.0;32.7;-3.8;40.0;696.0;35.6;11.2;lille
2010;LILLE-LESQUIN;9.8;34.2;-3.8;33.0;727.3;34.3;10.9;lille
2011;LILLE-LESQUIN;11.6;34.5;-1.7;29.0;636.6;33.0;11.0;lille
2012;LILLE-LESQUIN;10.7;34.7;-4.8;30.0;897.9;39.1;10.8;lille
2013;LILLE-LESQUIN;10.2;34.2;-4.5;36.0;762.4;55.7;10.7;lille
2014;LILLE-LESQUIN;11.9;33.4;0.3;24.0;837.4;32.1;10.8;lille
2015;LILLE-LESQUIN;11.3;35.1;-0.1;38.0;785.6;46.5;11.1;lille
2016;LILLE-LESQUIN;11.1;35.3;-2.2;33.0;836.0;45.4;11.0;lille
2017;LILLE-LESQUIN;11.7;34.4;-0.5;43.0;681.5;27.0;11.2;lille
2018;LILLE-LESQUIN;11.9;37.6;-1.8;63.0;627.6;34.9;11.6;lille
2019;LILLE-LESQUIN;11.8;41.5;0.6;48.0;661.6;28.7;11.6;lille
2020;LILLE-LESQUIN;12.4;38.2;1.0;48.0;674.3;19.7;11.8;lille
2021;LILLE-LESQUIN;11.0;30.4;-3.7;31.0;810.0;41.9;11.8;lille
2022;LILLE-LESQUIN;12.4;39.1;-3.1;60.0;633.5;26.1;11.9;lille
2023;LILLE-LESQUIN;12.4;34.2;0.7;54.0;797.6999999999999;32.4;12.0;lille
2024;LILLE-LESQUIN;12.1;35.5;-0.9;42.0;856.6;44.2;12.1;lille
2025;LILLE-LESQUIN;12.1;37.0;-0.3;53.0;606.9;26.8;12.0;lille
1923;STRASBOURG-ENTZHEIM;;;;0.0;412.0;14.5;;strasbourg
1924;STRASBOURG-ENTZHEIM;;35.5;-3.0;54.0;596.6;35.8;;strasbourg
1925;STRASBOURG-ENTZHEIM;;36.2;-7.2;46.0;578.5;41.9;;strasbourg
1926;STRASBOURG-ENTZHEIM;;32.0;-5.8;38.0;597.3;40.8;;strasbourg
1927;STRASBOURG-ENTZHEIM;;31.1;-8.3;33.0;780.4;58.4;;strasbourg
1928;STRASBOURG-ENTZHEIM;;36.0;-4.2;52.0;620.0;27.8;;strasbourg
1929;STRASBOURG-ENTZHEIM;;33.8;-15.0;57.0;530.1;31.2;;strasbourg
1930;STRASBOURG-ENTZHEIM;;33.7;-1.0;38.0;766.2;32.7;;strasbourg
1931;STRASBOURG-ENTZHEIM;;32.7;-5.0;41.0;697.8;33.9;;strasbourg
1932;STRASBOURG-ENTZHEIM;;33.4;-7.4;50.0;644.8000000000001;43.0;;strasbourg
1933;STRASBOURG-ENTZHEIM;;33.2;-8.5;45.0;533.6;15.9;;strasbourg
1934;STRASBOURG-ENTZHEIM;;32.8;-3.6;57.0;491.9;25.6;;strasbourg
1935;STRASBOURG-ENTZHEIM;;32.4;-6.0;54.0;667.1;65.6;;strasbourg
1936;STRASBOURG-ENTZHEIM;;31.5;-2.4;32.0;765.1;48.3;;strasbourg
1937;STRASBOURG-ENTZHEIM;;34.3;-2.7;57.0;630.6999999999999;34.0;;strasbourg
1938;STRASBOURG-ENTZHEIM;;31.7;-9.0;45.0;624.0;40.0;;strasbourg
1939;STRASBOURG-ENTZHEIM;;;;0.0;511.7;24.3;;strasbourg
1941;STRASBOURG-ENTZHEIM;;21.1;-6.5;0.0;478.40000000000003;27.3;;strasbourg
1942;STRASBOURG-ENTZHEIM;;32.3;-12.6;60.0;642.8000000000001;39.9;;strasbourg
1943;STRASBOURG-ENTZHEIM;;36.8;-4.7;51.0;548.6;22.8;;strasbourg
1944;STRASBOURG-ENTZHEIM;;35.9;-2.5;50.0;576.0;32.0;;strasbourg
1945;STRASBOURG-ENTZHEIM;;35.6;-6.0;46.0;314.2;49.8;;strasbourg
1946;STRASBOURG-ENTZHEIM;;35.2;-8.0;38.0;528.0;32.5;;strasbourg
1947;STRASBOURG-ENTZHEIM;;37.4;-8.0;88.0;421.20000000000005;22.6;;strasbourg
1948;STRASBOURG-ENTZHEIM;;32.0;-6.2;34.0;682.9;46.1;;strasbourg
1949;STRASBOURG-ENTZHEIM;10.5;36.1;-2.3;72.0;392.6;19.0;;strasbourg
1950;STRASBOURG-ENTZHEIM;10.1;35.2;-4.8;57.0;664.6;27.9;;strasbourg
1951;STRASBOURG-ENTZHEIM;10.0;32.6;-2.6;40.0;642.0;26.1;;strasbourg
1952;STRASBOURG-ENTZHEIM;10.1;37.4;-4.8;59.0;662.6;26.2;;strasbourg
1953;STRASBOURG-ENTZHEIM;10.0;33.2;-3.8;47.0;542.6;53.3;10.1;strasbourg
1954;STRASBOURG-ENTZHEIM;9.4;33.5;-9.0;35.0;635.3;26.6;9.9;strasbourg
1955;STRASBOURG-ENTZHEIM;9.2;32.6;-2.2;43.0;562.1;36.2;9.7;strasbourg
1956;STRASBOURG-ENTZHEIM;8.4;30.2;-14.4;27.0;696.3;44.2;9.4;strasbourg
1957;STRASBOURG-ENTZHEIM;10.1;36.8;-4.0;37.0;490.5;15.6;9.4;strasbourg
1958;STRASBOURG-ENTZHEIM;10.0;32.6;-1.7;44.0;720.7;36.0;9.4;strasbourg
1959;STRASBOURG-ENTZHEIM;10.5;35.4;-2.0;69.0;507.2;29.1;9.6;strasbourg
1960;STRASBOURG-ENTZHEIM;10.0;30.4;-7.7;22.0;696.2;27.2;9.8;strasbourg
1961;STRASBOURG-ENTZHEIM;10.6;31.8;-6.4;42.0;520.0;25.5;10.2;strasbourg
1962;STRASBOURG-ENTZHEIM;6.8;34.4;-10.3;45.0;425.8;19.1;9.6;strasbourg
1963;STRASBOURG-ENTZHEIM;12.9;32.1;-9.0;37.0;493.0;22.6;10.2;strasbourg
1964;STRASBOURG-ENTZHEIM;7.6;36.0;-5.4;61.0;441.0;19.7;9.6;strasbourg
1965;STRASBOURG-ENTZHEIM;2.7;31.0;-1.6;24.0;669.8;23.3;8.1;strasbourg
1966;STRASBOURG-ENTZHEIM;7.1;33.0;-10.4;40.0;663.5;26.0;7.4;strasbourg
1967;STRASBOURG-ENTZHEIM;13.9;32.4;-6.0;51.0;589.6;25.5;8.8;strasbourg
1968;STRASBOURG-ENTZHEIM;10.5;33.2;-5.3;28.0;809.1;36.7;8.4;strasbourg
1969;STRASBOURG-ENTZHEIM;10.1;33.8;-7.0;51.0;599.7;27.2;8.9;strasbourg
1970;STRASBOURG-ENTZHEIM;7.3;33.6;-4.8;48.0;585.7;34.7;9.8;strasbourg
1971;STRASBOURG-ENTZHEIM;7.9;33.0;-7.8;54.0;397.3;28.6;9.9;strasbourg
1972;STRASBOURG-ENTZHEIM;9.8;32.2;-6.0;30.0;541.3;30.7;9.1;strasbourg
1973;STRASBOURG-ENTZHEIM;5.4;32.8;-6.4;58.0;491.09999999999997;26.7;8.1;strasbourg
1974;STRASBOURG-ENTZHEIM;18.6;37.0;0.5;43.0;574.4;24.4;9.8;strasbourg
1975;STRASBOURG-ENTZHEIM;4.9;33.2;-1.8;45.0;590.5;55.7;9.3;strasbourg
1976;STRASBOURG-ENTZHEIM;4.6;35.0;-7.5;71.0;471.9;26.3;8.7;strasbourg
1977;STRASBOURG-ENTZHEIM;6.5;31.7;-2.8;34.0;684.5;21.6;8.0;strasbourg
1978;STRASBOURG-ENTZHEIM;4.7;32.7;-5.1;32.0;678.7;62.9;7.9;strasbourg
1979;STRASBOURG-ENTZHEIM;4.7;31.9;-7.8;46.0;634.1;32.3;5.1;strasbourg
1980;STRASBOURG-ENTZHEIM;2.9;32.2;-4.4;33.0;578.9;48.4;4.7;strasbourg
1981;STRASBOURG-ENTZHEIM;10.1;31.7;-4.8;39.0;682.9;42.2;5.8;strasbourg
1982;STRASBOURG-ENTZHEIM;10.4;32.7;-8.3;61.0;765.1;37.8;6.6;strasbourg
1983;STRASBOURG-ENTZHEIM;10.6;35.3;-3.7;69.0;671.2;39.5;7.7;strasbourg
1984;STRASBOURG-ENTZHEIM;9.6;35.2;0.0;39.0;650.6;38.7;8.7;strasbourg
1985;STRASBOURG-ENTZHEIM;9.2;35.1;-11.2;50.0;574.6;30.4;10.0;strasbourg
1986;STRASBOURG-ENTZHEIM;9.5;35.9;-9.9;53.0;771.3;56.6;9.9;strasbourg
1987;STRASBOURG-ENTZHEIM;9.4;31.6;-11.9;41.0;811.1;35.2;9.7;strasbourg
1988;STRASBOURG-ENTZHEIM;10.8;33.7;-3.4;45.0;733.9;31.4;9.7;strasbourg
1989;STRASBOURG-ENTZHEIM;10.6;34.4;-3.5;70.0;598.3;33.4;9.9;strasbourg
1990;STRASBOURG-ENTZHEIM;10.9;35.6;-2.3;49.0;623.4;53.6;10.2;strasbourg
1991;STRASBOURG-ENTZHEIM;10.0;34.2;-7.4;63.0;519.4;39.6;10.3;strasbourg
1992;STRASBOURG-ENTZHEIM;10.9;35.4;-3.4;62.0;613.3;23.6;10.6;strasbourg
1993;STRASBOURG-ENTZHEIM;10.4;32.4;-5.4;52.0;524.8;22.2;10.6;strasbourg
1994;STRASBOURG-ENTZHEIM;11.7;34.8;-1.3;59.0;679.7;42.2;10.8;strasbourg
1995;STRASBOURG-ENTZHEIM;10.7;34.2;-3.9;56.0;800.6;33.2;10.7;strasbourg
1996;STRASBOURG-ENTZHEIM;9.3;32.8;-9.5;45.0;650.8;37.2;10.6;strasbourg
1997;STRASBOURG-ENTZHEIM;10.5;32.4;-9.8;63.0;578.4;27.2;10.5;strasbourg
1998;STRASBOURG-ENTZHEIM;10.7;36.3;-3.2;47.0;597.2;20.6;10.6;strasbourg
1999;STRASBOURG-ENTZHEIM;11.1;32.7;-2.1;56.0;767.5;27.4;10.5;strasbourg
2000;STRASBOURG-ENTZHEIM;11.7;33.1;-2.1;56.0;697.1999999999999;32.0;10.7;strasbourg
2001;STRASBOURG-ENTZHEIM;11.0;34.5;-4.7;57.0;694.2;25.0;11.0;strasbourg
2002;STRASBOURG-ENTZHEIM;11.4;36.2;-4.7;52.0;805.6;40.6;11.2;strasbourg
2003;STRASBOURG-ENTZHEIM;11.5;38.5;-6.0;104.0;477.0;34.8;11.3;strasbourg
2004;STRASBOURG-ENTZHEIM;10.9;33.2;-2.0;61.0;614.8;38.6;11.3;strasbourg
2005;STRASBOURG-ENTZHEIM;10.8;34.3;-3.3;64.0;536.4;22.6;11.1;strasbourg
2006;STRASBOURG-ENTZHEIM;11.2;36.4;-5.1;72.0;681.4;44.6;11.2;strasbourg
2007;STRASBOURG-ENTZHEIM;11.5;34.3;-4.8;64.0;725.0;30.2;11.2;strasbourg
2008;STRASBOURG-ENTZHEIM;11.0;32.6;-3.4;58.0;661.6;24.6;11.1;strasbourg
2009;STRASBOURG-ENTZHEIM;11.1;35.0;-10.3;64.0;649.9;27.8;11.1;strasbourg
2010;STRASBOURG-ENTZHEIM;10.0;36.1;-5.5;54.0;794.2;28.5;11.0;strasbourg
2011;STRASBOURG-ENTZHEIM;11.6;35.1;-2.1;78.0;527.9;34.5;11.0;strasbourg
2012;STRASBOURG-ENTZHEIM;11.2;34.3;-8.4;71.0;609.2;20.7;11.0;strasbourg
2013;STRASBOURG-ENTZHEIM;10.7;36.4;-1.3;70.0;680.0;25.4;10.9;strasbourg
2014;STRASBOURG-ENTZHEIM;12.4;37.0;-2.7;60.0;673.7;66.3;11.2;strasbourg
2015;STRASBOURG-ENTZHEIM;12.0;38.7;0.4;67.0;474.7;40.4;11.6;strasbourg
2016;STRASBOURG-ENTZHEIM;11.3;36.0;-3.8;75.0;730.3;36.1;11.5;strasbourg
2017;STRASBOURG-ENTZHEIM;11.6;35.3;-4.9;81.0;604.3;27.7;11.6;strasbourg
2018;STRASBOURG-ENTZHEIM;12.5;36.4;-3.5;107.0;612.0;52.4;12.0;strasbourg
2019;STRASBOURG-ENTZHEIM;12.1;38.9;-1.0;84.0;579.3;44.0;11.9;strasbourg
2020;STRASBOURG-ENTZHEIM;12.6;36.7;-0.6;95.0;507.6;32.1;12.0;strasbourg
2021;STRASBOURG-ENTZHEIM;10.9;34.3;-4.4;68.0;793.1;42.2;11.9;strasbourg
2022;STRASBOURG-ENTZHEIM;12.9;38.4;-5.5;107.0;586.7;30.0;12.2;strasbourg
2023;STRASBOURG-ENTZHEIM;13.0;36.5;-0.4;108.0;541.0;31.2;12.3;strasbourg
2024;STRASBOURG-ENTZHEIM;12.5;35.3;-2.3;83.0;796.6;34.7;12.4;strasbourg
2025;STRASBOURG-ENTZHEIM;12.0;36.9;-2.3;76.0;613.3;35.3;12.3;strasbourg
1920;BORDEAUX-MERIGNAC;;20.8;-5.2;0.0;14.1;6.5;;bordeaux
1921;BORDEAUX-MERIGNAC;;38.1;-0.8;135.0;444.9;26.6;;bordeaux
1922;BORDEAUX-MERIGNAC;;38.7;1.2;76.0;824.1;38.2;;bordeaux
1923;BORDEAUX-MERIGNAC;;;;0.0;776.6;49.0;;bordeaux
1924;BORDEAUX-MERIGNAC;;35.1;-0.2;57.0;844.2;41.0;;bordeaux
1925;BORDEAUX-MERIGNAC;;35.5;2.2;67.0;943.7;53.5;;bordeaux
1926;BORDEAUX-MERIGNAC;;35.0;-2.0;78.0;809.8;30.6;;bordeaux
1927;BORDEAUX-MERIGNAC;;33.7;-0.3;42.0;1010.0;39.3;;bordeaux
1928;BORDEAUX-MERIGNAC;;38.5;3.2;91.0;987.1;46.1;;bordeaux
1929;BORDEAUX-MERIGNAC;;35.7;-3.9;78.0;747.3;30.5;;bordeaux
1930;BORDEAUX-MERIGNAC;;36.1;1.2;39.0;1316.8;46.6;;bordeaux
1931;BORDEAUX-MERIGNAC;;34.6;-1.2;40.0;1090.9;40.2;;bordeaux
1932;BORDEAUX-MERIGNAC;;36.1;-2.9;50.0;1057.6;47.2;;bordeaux
1933;BORDEAUX-MERIGNAC;;36.8;-3.0;78.0;842.3;37.2;;bordeaux
1934;BORDEAUX-MERIGNAC;;37.2;-0.8;84.0;883.1;35.3;;bordeaux
1935;BORDEAUX-MERIGNAC;;34.8;-1.6;64.0;1050.6;31.3;;bordeaux
1936;BORDEAUX-MERIGNAC;;33.0;0.0;37.0;850.8;28.8;;bordeaux
1937;BORDEAUX-MERIGNAC;;35.6;0.2;74.0;1190.9;47.0;;bordeaux
1938;BORDEAUX-MERIGNAC;;37.5;-4.4;50.0;665.1;40.2;;bordeaux
1939;BORDEAUX-MERIGNAC;;32.6;2.0;44.0;878.0;26.0;;bordeaux
1940;BORDEAUX-MERIGNAC;;30.2;-4.0;27.0;477.5;27.5;;bordeaux
1945;BORDEAUX-MERIGNAC;17.7;36.6;-2.8;104.0;490.6;29.0;;bordeaux
1946;BORDEAUX-MERIGNAC;9.7;38.0;-2.8;49.0;707.9;33.4;;bordeaux
1947;BORDEAUX-MERIGNAC;14.5;38.6;-3.6;88.0;867.6;47.0;;bordeaux
1948;BORDEAUX-MERIGNAC;;34.2;-3.0;55.0;668.8000000000001;32.2;;bordeaux
1949;BORDEAUX-MERIGNAC;13.1;38.3;2.2;102.0;778.5;37.6;;bordeaux
1950;BORDEAUX-MERIGNAC;12.6;38.4;-0.4;75.0;861.1;25.9;;bordeaux
1951;BORDEAUX-MERIGNAC;12.1;33.3;2.2;36.0;1110.8999999999999;42.0;;bordeaux
1952;BORDEAUX-MERIGNAC;12.5;37.0;-1.5;61.0;1219.1;44.8;;bordeaux
1953;BORDEAUX-MERIGNAC;12.1;35.3;0.6;53.0;493.7;28.3;12.5;bordeaux
1954;BORDEAUX-MERIGNAC;11.9;33.1;-7.0;30.0;837.3;29.5;12.2;bordeaux
1955;BORDEAUX-MERIGNAC;12.6;33.0;-0.7;64.0;934.6;49.1;12.2;bordeaux
1956;BORDEAUX-MERIGNAC;10.9;33.2;-6.8;33.0;759.1;41.3;12.0;bordeaux
1957;BORDEAUX-MERIGNAC;12.1;33.6;-0.8;35.0;757.6;30.9;11.9;bordeaux
1958;BORDEAUX-MERIGNAC;12.3;31.8;1.6;52.0;1129.5;43.6;12.0;bordeaux
1959;BORDEAUX-MERIGNAC;13.1;34.6;0.0;61.0;1144.2;54.4;12.2;bordeaux
1960;BORDEAUX-MERIGNAC;12.3;32.9;-2.8;36.0;1288.1;38.4;12.1;bordeaux
1961;BORDEAUX-MERIGNAC;13.1;37.6;2.3;60.0;839.5;27.8;12.6;bordeaux
1962;BORDEAUX-MERIGNAC;11.6;35.3;-6.5;55.0;799.5;49.4;12.5;bordeaux
1963;BORDEAUX-MERIGNAC;11.2;33.2;-3.9;26.0;898.5;42.4;12.3;bordeaux
1964;BORDEAUX-MERIGNAC;11.9;36.0;-2.0;62.0;749.0;36.7;12.0;bordeaux
1965;BORDEAUX-MERIGNAC;11.8;33.0;1.0;33.0;1121.2;28.9;11.9;bordeaux
1966;BORDEAUX-MERIGNAC;12.7;34.2;-1.3;43.0;1134.2;48.1;11.8;bordeaux
1967;BORDEAUX-MERIGNAC;4.7;34.9;-3.5;57.0;742.7;32.5;10.5;bordeaux
1968;BORDEAUX-MERIGNAC;19.9;37.6;0.8;39.0;999.5;35.9;12.2;bordeaux
1969;BORDEAUX-MERIGNAC;;34.8;-1.4;53.0;1138.4;58.2;;bordeaux
1970;BORDEAUX-MERIGNAC;;33.5;-1.5;68.0;801.2;26.1;;bordeaux
1971;BORDEAUX-MERIGNAC;;34.1;0.7;48.0;928.9;29.3;;bordeaux
1972;BORDEAUX-MERIGNAC;;33.9;1.0;37.0;788.5;43.9;;bordeaux
1973;BORDEAUX-MERIGNAC;;34.9;-0.1;69.0;788.6;30.0;;bordeaux
1974;BORDEAUX-MERIGNAC;;35.3;1.0;57.0;922.1999999999999;60.5;;bordeaux
1975;BORDEAUX-MERIGNAC;16.7;38.3;0.5;74.0;780.3;33.1;;bordeaux
1976;BORDEAUX-MERIGNAC;;36.8;1.7;87.0;1018.1;50.0;;bordeaux
1977;BORDEAUX-MERIGNAC;;30.0;1.6;34.0;960.4;44.2;;bordeaux
1978;BORDEAUX-MERIGNAC;;33.3;0.1;56.0;892.3;36.6;;bordeaux
1979;BORDEAUX-MERIGNAC;;32.9;2.1;60.0;1185.0;39.5;;bordeaux
1980;BORDEAUX-MERIGNAC;;32.4;0.2;46.0;915.8;33.4;;bordeaux
1981;BORDEAUX-MERIGNAC;12.8;36.1;2.7;60.0;989.9;52.3;;bordeaux
1982;BORDEAUX-MERIGNAC;13.3;38.2;2.0;69.0;1165.6;60.0;;bordeaux
1983;BORDEAUX-MERIGNAC;12.9;36.2;0.1;81.0;866.5999999999999;39.3;;bordeaux
1984;BORDEAUX-MERIGNAC;12.3;35.0;1.8;63.0;1193.5;48.7;;bordeaux
1985;BORDEAUX-MERIGNAC;11.8;35.4;-7.1;73.0;825.3;42.6;12.6;bordeaux
1986;BORDEAUX-MERIGNAC;12.2;34.7;-1.2;73.0;954.4;44.4;12.5;bordeaux
1987;BORDEAUX-MERIGNAC;12.5;37.0;-6.5;61.0;788.3;35.0;12.3;bordeaux
1988;BORDEAUX-MERIGNAC;13.2;34.8;0.1;59.0;943.1;38.8;12.4;bordeaux
1989;BORDEAUX-MERIGNAC;14.1;38.2;0.1;104.0;667.9;36.8;12.8;bordeaux
1990;BORDEAUX-MERIGNAC;14.2;38.8;0.6;97.0;906.0;81.7;13.2;bordeaux
1991;BORDEAUX-MERIGNAC;12.9;36.2;-2.1;85.0;978.1;62.0;13.4;bordeaux
1992;BORDEAUX-MERIGNAC;13.0;34.9;-0.6;65.0;1230.6;87.6;13.5;bordeaux
1993;BORDEAUX-MERIGNAC;12.9;34.6;0.0;64.0;1089.1;52.4;13.4;bordeaux
1994;BORDEAUX-MERIGNAC;14.2;35.3;2.3;73.0;1156.0;56.8;13.4;bordeaux
1995;BORDEAUX-MERIGNAC;13.6;36.8;0.8;89.0;1048.0;59.6;13.3;bordeaux
1996;BORDEAUX-MERIGNAC;12.4;36.0;-0.2;65.0;1106.0;59.0;13.2;bordeaux
1997;BORDEAUX-MERIGNAC;14.6;35.2;-2.7;92.0;1106.3;41.2;13.5;bordeaux
1998;BORDEAUX-MERIGNAC;12.4;38.8;3.6;77.0;1011.4;42.0;13.4;bordeaux
1999;BORDEAUX-MERIGNAC;9.5;35.6;2.3;88.0;1099.8;79.0;12.5;bordeaux
2000;BORDEAUX-MERIGNAC;11.3;35.5;-0.6;79.0;1208.6;52.4;12.0;bordeaux
2001;BORDEAUX-MERIGNAC;11.9;36.4;-1.7;68.0;808.0;25.2;11.9;bordeaux
2002;BORDEAUX-MERIGNAC;14.8;35.8;4.0;64.0;722.4;36.8;12.0;bordeaux
2003;BORDEAUX-MERIGNAC;14.4;40.7;-0.4;102.0;735.4;51.0;12.4;bordeaux
2004;BORDEAUX-MERIGNAC;8.7;35.1;3.5;81.0;693.4;24.8;12.2;bordeaux
2005;BORDEAUX-MERIGNAC;13.6;36.8;-1.1;97.0;595.8000000000001;23.4;12.7;bordeaux
2006;BORDEAUX-MERIGNAC;14.1;37.7;-2.6;90.0;821.3000000000001;33.6;13.1;bordeaux
2007;BORDEAUX-MERIGNAC;13.5;36.4;-0.7;66.0;881.0;48.4;12.9;bordeaux
2008;BORDEAUX-MERIGNAC;13.2;34.4;0.5;62.0;1012.3;36.8;12.6;bordeaux
2009;BORDEAUX-MERIGNAC;13.8;36.2;-0.9;94.0;910.8;37.2;13.6;bordeaux
2010;BORDEAUX-MERIGNAC;12.8;36.7;-1.8;83.0;812.0;39.5;13.5;bordeaux
2011;BORDEAUX-MERIGNAC;14.6;39.2;-0.6;95.0;587.6;36.2;13.6;bordeaux
2012;BORDEAUX-MERIGNAC;13.5;39.1;-3.2;81.0;846.7;34.4;13.6;bordeaux
2013;BORDEAUX-MERIGNAC;13.2;35.8;2.4;77.0;1050.4;48.7;13.6;bordeaux
2014;BORDEAUX-MERIGNAC;14.5;35.3;4.1;83.0;1005.7;32.4;13.7;bordeaux
2015;BORDEAUX-MERIGNAC;14.1;38.3;1.5;81.0;593.9;29.9;14.0;bordeaux
2016;BORDEAUX-MERIGNAC;14.0;38.5;4.4;84.0;922.1999999999999;41.2;13.9;bordeaux
2017;BORDEAUX-MERIGNAC;13.9;37.1;0.5;85.0;761.3;51.4;13.9;bordeaux
2018;BORDEAUX-MERIGNAC;14.5;37.3;1.7;115.0;796.9;34.5;14.2;bordeaux
2019;BORDEAUX-MERIGNAC;14.5;41.2;4.1;90.0;997.2;44.0;14.2;bordeaux
2020;BORDEAUX-MERIGNAC;14.9;39.6;4.5;96.0;1158.6;71.0;14.4;bordeaux
2021;BORDEAUX-MERIGNAC;13.8;34.0;3.3;77.0;906.6;44.0;14.3;bordeaux
2022;BORDEAUX-MERIGNAC;15.5;40.5;1.8;126.0;639.0;27.0;14.6;bordeaux
2023;BORDEAUX-MERIGNAC;15.1;39.4;1.8;119.0;1186.4;35.3;14.8;bordeaux
2024;BORDEAUX-MERIGNAC;14.4;38.8;0.7;76.0;1016.8;58.6;14.7;bordeaux
2025;BORDEAUX-MERIGNAC;14.9;41.6;0.7;95.0;840.6;52.4;14.7;bordeaux
1888;LYON-BRON;;;;0.0;885.0;43.0;;lyon
1889;LYON-BRON;;;;0.0;858.8;35.0;;lyon
1890;LYON-BRON;;;;0.0;813.1;51.3;;lyon
1891;LYON-BRON;;;;0.0;959.7;77.8;;lyon
1920;LYON-BRON;;30.4;-6.8;9.0;275.4;34.5;;lyon
1921;LYON-BRON;;38.6;-1.2;97.0;426.3;52.0;;lyon
1922;LYON-BRON;;34.3;-2.2;56.0;974.9;35.0;;lyon
1923;LYON-BRON;;37.5;-0.3;71.0;925.0999999999999;66.6;;lyon
1924;LYON-BRON;;36.3;-1.6;57.0;819.2;47.4;;lyon
1925;LYON-BRON;;34.8;-4.3;57.0;692.6;61.0;;lyon
1926;LYON-BRON;;33.9;-4.4;66.0;817.3;43.7;;lyon
1927;LYON-BRON;;32.8;-5.1;63.0;948.8;73.9;;lyon
1928;LYON-BRON;;37.3;-0.9;71.0;821.8;39.6;;lyon
1929;LYON-BRON;;36.4;-13.4;76.0;775.6;43.8;;lyon
1930;LYON-BRON;;32.8;-2.0;46.0;1081.1;61.2;;lyon
1931;LYON-BRON;;35.5;-5.9;54.0;919.9;44.9;;lyon
1932;LYON-BRON;;34.9;-6.5;53.0;799.6999999999999;34.7;;lyon
1933;LYON-BRON;;34.8;-8.2;67.0;815.6;54.4;;lyon
1934;LYON-BRON;;35.3;-3.1;79.0;684.1;40.0;;lyon
1935;LYON-BRON;;35.9;-2.1;73.0;1135.4;97.0;;lyon
1936;LYON-BRON;;32.1;-0.8;54.0;838.6;53.5;;lyon
1937;LYON-BRON;;35.6;-3.0;72.0;898.1;39.6;;lyon
1938;LYON-BRON;;34.4;-8.2;42.0;775.4;43.3;;lyon
1939;LYON-BRON;;31.6;-10.4;43.0;854.5;45.4;;lyon
1940;LYON-BRON;;31.0;-10.2;51.0;914.0;76.7;;lyon
1941;LYON-BRON;;34.0;-9.0;51.0;846.2;55.5;;lyon
1942;LYON-BRON;;34.5;-8.9;88.0;691.9;63.0;;lyon
1943;LYON-BRON;;37.8;1.0;79.0;657.3;48.2;;lyon
1944;LYON-BRON;;37.0;-3.4;72.0;779.4;39.5;;lyon
1945;LYON-BRON;;38.0;-8.2;106.0;615.1;63.9;;lyon
1946;LYON-BRON;;38.2;-4.8;59.0;781.3;49.4;;lyon
1947;LYON-BRON;;39.7;-4.8;103.0;752.5;43.8;;lyon
1948;LYON-BRON;;33.5;-3.1;59.0;942.9;55.9;;lyon
1949;LYON-BRON;12.2;37.7;0.2;104.0;581.5;21.5;;lyon
1950;LYON-BRON;11.9;37.6;-2.7;87.0;824.9;80.6;;lyon
1951;LYON-BRON;11.4;32.7;-0.2;55.0;961.3;43.7;;lyon
1952;LYON-BRON;11.6;39.5;-4.4;79.0;716.3;33.1;;lyon
1953;LYON-BRON;11.4;33.2;-4.2;73.0;615.7;51.7;11.7;lyon
1954;LYON-BRON;11.0;34.2;-8.0;54.0;853.9;80.9;11.5;lyon
1955;LYON-BRON;11.4;33.1;-0.8;68.0;812.6;71.2;11.4;lyon
1956;LYON-BRON;9.8;32.2;-12.7;42.0;915.3000000000001;61.4;11.0;lyon
1957;LYON-BRON;11.2;35.5;-3.0;50.0;646.5;53.4;11.0;lyon
1958;LYON-BRON;11.5;35.8;-1.8;63.0;973.9;89.2;11.0;lyon
1959;LYON-BRON;12.2;33.8;-0.2;70.0;672.6;43.2;11.2;lyon
1960;LYON-BRON;11.4;32.6;-7.0;46.0;1231.2;62.9;11.2;lyon
1961;LYON-BRON;12.3;34.1;-3.4;60.0;730.4;43.9;11.7;lyon
1962;LYON-BRON;2.7;34.9;-8.7;60.0;659.3;69.7;10.0;lyon
1963;LYON-BRON;-2.2;32.0;-8.1;32.0;919.2;70.5;7.3;lyon
1964;LYON-BRON;2.5;37.6;-3.8;72.0;691.7;28.7;5.3;lyon
1965;LYON-BRON;6.5;33.9;-0.6;45.0;1021.7;51.4;4.4;lyon
1966;LYON-BRON;5.8;35.6;-9.2;51.0;744.8;45.4;3.1;lyon
1967;LYON-BRON;1.6;35.0;-7.3;59.0;778.9;44.7;2.8;lyon
1968;LYON-BRON;15.4;34.8;-3.1;33.0;949.2;63.9;6.4;lyon
1969;LYON-BRON;2.6;33.0;-3.5;49.0;732.9;29.2;6.4;lyon
1970;LYON-BRON;5.3;35.0;-4.2;58.0;972.9;69.8;6.1;lyon
1971;LYON-BRON;3.2;34.2;-10.7;66.0;697.5;37.7;5.6;lyon
1972;LYON-BRON;2.9;33.3;-2.8;41.0;818.1;45.1;5.9;lyon
1973;LYON-BRON;4.8;33.2;-4.3;73.0;679.3;46.2;3.8;lyon
1974;LYON-BRON;;37.1;1.0;62.0;799.4;44.3;;lyon
1975;LYON-BRON;;35.6;-2.9;61.0;941.5;42.1;;lyon
1976;LYON-BRON;2.9;35.8;-1.7;85.0;753.6;45.2;;lyon
1977;LYON-BRON;4.4;29.9;-1.3;30.0;1170.3999999999999;60.2;;lyon
1978;LYON-BRON;6.1;33.8;-2.5;45.0;681.0;51.4;;lyon
1979;LYON-BRON;2.6;35.8;-4.9;67.0;913.5;59.7;;lyon
1980;LYON-BRON;1.5;34.1;-5.4;48.0;862.0;57.0;3.5;lyon
1981;LYON-BRON;11.2;33.9;-1.5;47.0;915.5;71.2;5.2;lyon
1982;LYON-BRON;12.4;36.3;-0.4;84.0;901.9;73.7;6.8;lyon
1983;LYON-BRON;12.1;39.8;-1.2;86.0;893.6;41.4;8.0;lyon
1984;LYON-BRON;11.5;35.5;1.3;53.0;772.1;41.1;9.7;lyon
1985;LYON-BRON;10.9;34.3;-10.4;78.0;680.5;47.2;11.6;lyon
1986;LYON-BRON;11.0;35.4;-7.6;68.0;783.3;35.3;11.6;lyon
1987;LYON-BRON;11.0;34.2;-10.7;53.0;886.5;38.4;11.3;lyon
1988;LYON-BRON;12.2;33.8;-0.4;60.0;921.6;70.7;11.3;lyon
1989;LYON-BRON;12.5;36.2;-3.0;87.0;623.2;75.5;11.5;lyon
1990;LYON-BRON;12.3;35.7;-1.0;73.0;865.8000000000001;63.6;11.8;lyon
1991;LYON-BRON;13.6;35.2;-2.9;89.0;690.7;65.6;12.3;lyon
1992;LYON-BRON;13.0;35.5;-2.2;67.0;986.3000000000001;48.0;12.7;lyon
1993;LYON-BRON;11.4;34.0;-4.0;55.0;1099.0;79.2;12.6;lyon
1994;LYON-BRON;13.0;35.6;0.3;74.0;891.9;53.0;12.7;lyon
1995;LYON-BRON;12.4;36.2;-1.5;69.0;923.0;47.2;12.7;lyon
1996;LYON-BRON;12.0;32.0;-4.6;58.0;888.9;70.8;12.4;lyon
1997;LYON-BRON;12.3;34.6;-4.0;89.0;703.3;63.4;12.2;lyon
1998;LYON-BRON;14.1;37.7;-1.1;75.0;757.6;41.6;12.8;lyon
1999;LYON-BRON;13.1;34.5;-1.2;90.0;963.1999999999999;72.4;12.8;lyon
2000;LYON-BRON;13.2;35.8;-1.7;86.0;828.2;56.4;12.9;lyon
2001;LYON-BRON;13.4;35.6;-3.0;76.0;825.8000000000001;35.0;13.2;lyon
2002;LYON-BRON;13.5;34.2;-1.9;66.0;980.6;52.8;13.5;lyon
2003;LYON-BRON;14.7;40.5;-5.3;113.0;663.0;62.8;13.6;lyon
2004;LYON-BRON;12.5;35.6;0.1;79.0;751.4;44.8;13.5;lyon
2005;LYON-BRON;12.0;36.9;-2.1;85.0;649.6;55.0;13.2;lyon
2006;LYON-BRON;13.2;37.4;-2.8;92.0;729.6;47.4;13.2;lyon
2007;LYON-BRON;12.8;32.8;-3.0;77.0;842.0;68.2;13.0;lyon
2008;LYON-BRON;12.4;33.0;0.1;66.0;1003.4;46.0;12.6;lyon
2009;LYON-BRON;13.2;39.2;-3.7;90.0;725.1999999999999;64.8;12.7;lyon
2010;LYON-BRON;12.0;36.3;-3.2;78.0;801.4;104.1;12.7;lyon
2011;LYON-BRON;13.5;37.9;-0.8;95.0;742.1;36.8;12.8;lyon
2012;LYON-BRON;12.8;38.0;-4.4;84.0;914.5;70.3;12.8;lyon
2013;LYON-BRON;12.1;35.9;-2.1;77.0;968.1;52.5;12.7;lyon
2014;LYON-BRON;13.7;35.2;1.6;75.0;1019.9;79.1;12.8;lyon
2015;LYON-BRON;13.7;39.2;0.5;89.0;697.6;45.4;13.2;lyon
2016;LYON-BRON;12.9;34.9;0.8;86.0;791.6;44.5;13.0;lyon
2017;LYON-BRON;13.4;37.9;-2.7;101.0;549.4;30.9;13.2;lyon
2018;LYON-BRON;14.2;37.0;-1.6;125.0;807.7;45.8;13.6;lyon
2019;LYON-BRON;13.8;40.4;2.1;98.0;772.1;48.0;13.6;lyon
2020;LYON-BRON;14.3;39.9;0.9;110.0;658.5;48.6;13.7;lyon
2021;LYON-BRON;12.8;35.4;-0.8;86.0;963.1999999999999;105.9;13.7;lyon
2022;LYON-BRON;14.4;38.9;-1.7;115.0;620.1999999999999;39.4;13.9;lyon
2023;LYON-BRON;14.3;41.4;1.6;123.0;717.8000000000001;54.3;13.9;lyon
2024;LYON-BRON;13.7;38.1;-1.7;83.0;989.3;74.1;13.9;lyon
2025;LYON-BRON;13.7;39.6;0.0;96.0;733.1;44.3;13.8;lyon
1921;MARIGNANE;;38.5;6.1;146.0;190.8;26.3;;marseille
1922;MARIGNANE;;39.2;5.3;118.0;365.5;31.4;;marseille
1923;MARIGNANE;;38.9;4.0;108.0;577.3;95.1;;marseille
1924;MARIGNANE;;35.0;3.8;111.0;628.5;53.6;;marseille
1925;MARIGNANE;;34.2;3.0;108.0;485.8;65.1;;marseille
1926;MARIGNANE;;35.9;0.6;125.0;588.6;41.2;;marseille
1927;MARIGNANE;;34.1;0.7;113.0;610.3;49.5;;marseille
1928;MARIGNANE;;35.9;6.0;106.0;659.1999999999999;81.8;;marseille
1929;MARIGNANE;;33.9;-5.9;115.0;366.5;30.9;;marseille
1930;MARIGNANE;;34.2;5.5;106.0;596.1;39.8;;marseille
1931;MARIGNANE;;35.8;2.2;95.0;476.5;40.5;;marseille
1932;MARIGNANE;;36.4;-0.3;96.0;884.0;212.3;;marseille
1933;MARIGNANE;;37.2;-1.7;101.0;599.1;70.0;;marseille
1934;MARIGNANE;;32.2;3.7;115.0;658.1;55.1;;marseille
1935;MARIGNANE;;37.4;1.4;96.0;636.1999999999999;68.6;;marseille
1936;MARIGNANE;;34.0;5.1;99.0;509.5;37.8;;marseille
1937;MARIGNANE;;34.4;2.8;112.0;141.6;57.2;;marseille
1938;MARIGNANE;;35.1;0.5;75.0;568.1;66.8;;marseille
1939;MARIGNANE;;31.6;2.8;83.0;367.1;42.8;;marseille
1940;MARIGNANE;;30.2;-3.0;79.0;436.4;61.0;;marseille
1941;MARIGNANE;;35.6;-4.0;80.0;772.1;74.9;;marseille
1942;MARIGNANE;;32.4;-1.0;117.0;507.4;55.3;;marseille
1943;MARIGNANE;;33.8;6.1;36.0;94.3;15.2;;marseille
1945;MARIGNANE;;29.4;-2.0;19.0;234.3;58.7;;marseille
1946;MARIGNANE;;33.2;1.5;99.0;391.8;24.8;;marseille
1947;MARIGNANE;;39.0;-1.2;122.0;570.5;56.5;;marseille
1948;MARIGNANE;;32.0;2.6;83.0;656.2;79.5;;marseille
1949;MARIGNANE;14.6;34.4;4.6;120.0;505.3;44.3;;marseille
1950;MARIGNANE;14.5;39.0;3.0;109.0;355.4;34.4;;marseille
1951;MARIGNANE;14.4;33.0;6.8;100.0;802.5;43.7;;marseille
1952;MARIGNANE;14.5;37.0;2.9;105.0;387.0;33.1;;marseille
1953;MARIGNANE;14.2;33.0;2.8;102.0;478.59999999999997;54.7;14.4;marseille
1954;MARIGNANE;13.7;33.0;-2.2;83.0;490.1;45.2;14.3;marseille
1955;MARIGNANE;14.6;33.4;4.8;90.0;442.3;31.2;14.3;marseille
1956;MARIGNANE;13.2;33.9;-9.2;90.0;573.8;58.0;14.0;marseille
1957;MARIGNANE;14.2;34.8;3.6;81.0;514.8;38.0;14.0;marseille
1958;MARIGNANE;14.5;34.3;3.3;110.0;403.7;37.7;14.0;marseille
1959;MARIGNANE;14.9;34.9;3.1;97.0;707.0;85.8;14.3;marseille
1960;MARIGNANE;14.4;32.2;-2.9;99.0;705.8000000000001;80.6;14.2;marseille
1961;MARIGNANE;15.3;32.9;5.4;106.0;575.6;52.4;14.7;marseille
1962;MARIGNANE;14.6;33.4;-2.8;102.0;447.0;35.2;14.7;marseille
1963;MARIGNANE;12.2;33.2;-3.2;74.0;681.7;96.0;14.3;marseille
1964;MARIGNANE;18.3;34.4;1.0;112.0;489.2;34.3;15.0;marseille
1965;MARIGNANE;15.1;34.4;4.7;85.0;471.0;40.0;15.1;marseille
1966;MARIGNANE;;34.6;0.6;98.0;547.8;45.4;;marseille
1967;MARIGNANE;20.5;33.0;0.6;100.0;221.7;24.1;;marseille
1968;MARIGNANE;7.3;35.3;3.3;88.0;645.3;64.0;;marseille
1969;MARIGNANE;12.0;35.0;1.3;78.0;624.0;52.8;;marseille
1970;MARIGNANE;22.2;34.4;3.6;108.0;498.2;67.5;;marseille
1971;MARIGNANE;13.0;35.8;-0.8;103.0;562.5;53.4;15.0;marseille
1972;MARIGNANE;12.7;33.6;6.0;70.0;901.5;104.7;13.4;marseille
1973;MARIGNANE;;34.8;0.2;111.0;730.2;161.3;;marseille
1974;MARIGNANE;14.8;33.9;6.2;96.0;630.4;65.7;;marseille
1975;MARIGNANE;18.6;35.0;5.2;96.0;535.3;47.5;;marseille
1976;MARIGNANE;;34.1;5.0;95.0;836.2;102.2;;marseille
1977;MARIGNANE;20.6;31.9;4.6;80.0;646.9;51.0;;marseille
1978;MARIGNANE;9.0;33.8;3.0;93.0;551.5;57.8;;marseille
1979;MARIGNANE;16.8;36.0;0.1;114.0;615.5;56.0;;marseille
1980;MARIGNANE;14.1;34.9;2.0;94.0;348.0;41.6;;marseille
1981;MARIGNANE;14.6;38.6;3.2;102.0;444.1;35.2;15.0;marseille
1982;MARIGNANE;15.4;37.4;5.7;120.0;371.5;42.5;14.0;marseille
1983;MARIGNANE;14.6;39.7;4.5;104.0;524.7;62.0;15.1;marseille
1984;MARIGNANE;13.8;34.5;4.0;84.0;588.1;85.6;14.5;marseille
1985;MARIGNANE;14.0;34.9;-5.1;107.0;476.7;39.8;14.5;marseille
1986;MARIGNANE;14.4;33.5;-4.1;115.0;562.5;44.6;14.4;marseille
1987;MARIGNANE;14.1;35.9;-1.0;98.0;636.6;51.6;14.2;marseille
1988;MARIGNANE;14.5;33.9;4.3;95.0;412.5;63.0;14.2;marseille
1989;MARIGNANE;15.6;34.6;8.5;115.0;261.0;42.0;14.5;marseille
1990;MARIGNANE;15.1;33.3;3.1;115.0;499.2;25.2;14.7;marseille
1991;MARIGNANE;14.7;35.4;3.1;103.0;431.3;49.2;14.8;marseille
1992;MARIGNANE;15.0;37.0;7.3;104.0;369.8;37.0;15.0;marseille
1993;MARIGNANE;15.0;35.5;2.8;107.0;538.4;115.0;15.1;marseille
1994;MARIGNANE;15.9;36.3;6.6;106.0;690.4;80.0;15.1;marseille
1995;MARIGNANE;15.3;34.3;2.6;89.0;616.8;43.2;15.2;marseille
1996;MARIGNANE;15.0;33.6;3.0;89.0;701.6;48.0;15.2;marseille
1997;MARIGNANE;15.9;32.9;6.7;126.0;388.8;40.2;15.4;marseille
1998;MARIGNANE;15.0;35.5;4.9;111.0;520.8;146.0;15.4;marseille
1999;MARIGNANE;15.4;34.9;2.3;123.0;616.2;68.6;15.3;marseille
2000;MARIGNANE;15.8;37.7;7.5;120.0;629.4;62.0;15.4;marseille
2001;MARIGNANE;15.5;36.5;1.4;109.0;351.0;42.0;15.5;marseille
2002;MARIGNANE;15.7;34.7;8.4;102.0;813.6;54.2;15.5;marseille
2003;MARIGNANE;16.0;37.7;-0.2;130.0;534.2;68.2;15.7;marseille
2004;MARIGNANE;15.2;33.8;5.1;126.0;312.9;29.3;15.6;marseille
2005;MARIGNANE;15.8;35.4;1.9;114.0;479.9;55.8;15.6;marseille
2006;MARIGNANE;16.2;37.3;5.8;137.0;315.6;49.0;15.8;marseille
2007;MARIGNANE;15.6;38.4;3.5;137.0;308.5;50.0;15.8;marseille
2008;MARIGNANE;15.5;36.3;5.2;100.0;642.6;47.2;15.7;marseille
2009;MARIGNANE;15.9;36.1;0.0;136.0;818.4000000000001;104.2;15.8;marseille
2010;MARIGNANE;14.7;34.7;0.1;116.0;609.9;37.2;15.6;marseille
2011;MARIGNANE;16.0;34.9;6.3;135.0;510.6;56.6;15.5;marseille
2012;MARIGNANE;15.6;35.8;-1.0;130.0;440.9;63.3;15.5;marseille
2013;MARIGNANE;15.0;36.3;2.1;115.0;540.9;37.9;15.4;marseille
2014;MARIGNANE;16.6;35.2;6.1;138.0;689.5;48.7;15.6;marseille
2015;MARIGNANE;16.1;36.0;2.6;125.0;529.0;41.6;15.9;marseille
2016;MARIGNANE;16.1;35.1;7.8;123.0;332.8;27.6;15.9;marseille
2017;MARIGNANE;16.0;39.2;4.7;128.0;304.8;41.9;16.0;marseille
2018;MARIGNANE;16.6;37.9;4.3;140.0;825.0;71.8;16.3;marseille
2019;MARIGNANE;16.2;39.6;6.8;123.0;644.9;71.9;16.2;marseille
2020;MARIGNANE;16.3;37.9;6.6;121.0;454.4;86.1;16.2;marseille
2021;MARIGNANE;15.7;37.9;3.1;125.0;539.2;40.3;16.2;marseille
2022;MARIGNANE;17.3;39.1;6.4;160.0;353.4;42.9;16.4;marseille
2023;MARIGNANE;16.6;37.7;6.3;145.0;287.2;41.6;16.4;marseille
2024;MARIGNANE;16.5;37.0;5.6;116.0;556.2;55.8;16.5;marseille
2025;MARIGNANE;16.8;38.9;5.9;127.0;710.2;110.0;16.6;marseille
